Index,WindSpeed
0,9.17
1,9.93
2,11.32
3,10.01
4,10.04
5,10.85
6,10.2
7,11.75
8,10.52
9,9.5
10,11.4
11,10.81
12,10.75
13,10.32
14,10.47
15,9.24
16,10.46
17,9.83
18,12.42
19,11.69
20,9.96
21,10.3
22,12.09
23,10.98
24,11.26
25,10.7
26,10.18
27,10.7
28,12.2
29,11.6
30,12.12
31,12.4
32,12.41
33,11.94
34,11.3
35,12.75
36,11.45
37,11.57
38,11.24
39,13.07
40,12.88
41,12.59
42,13.41
43,13.11
44,12.46
45,11.45
46,12.64
47,13.34
48,13.37
49,13.49
50,12.41
51,12.73
52,12.79
53,12.72
54,12.04
55,13.8
56,13.01
57,13.16
58,11.39
59,12.97
60,12.48
61,13.01
62,12.67
63,12.5
64,12.84
65,13.4
66,12.44
67,12.68
68,11.49
69,13.72
70,13.52
71,13.45
72,14.14
73,14.1
74,14.03
75,12.98
76,13.59
77,13.11
78,13.45
79,12.19
80,13.37
81,12.97
82,13.79
83,13.05
84,13.2
85,13.11
86,13.1
87,13.04
88,13.08
89,13.46
90,13.58
91,13.68
92,13.46
93,13.37
94,13.42
95,12.86
96,12.29
97,13.58
98,14.18
99,13.17
100,13.89
101,13.74
102,13.5
103,13.13
104,13.6
105,12.62
106,11.84
107,12.08
108,12.05
109,13.66
110,13.45
111,13.42
112,13.55
113,13.73
114,12.45
115,12.84
116,12.52
117,13.06
118,13.04
119,12.86
120,13.94
121,13.84
122,12.76
123,12.96
124,13.27
125,12.92
126,12.01
127,13.01
128,12.44
129,12.47
130,12.91
131,13.1
132,12.51
133,12.3
134,13.58
135,13.06
136,13.38
137,13.52
138,13.07
139,13.38
140,12.73
141,13.11
142,13.05
143,12.86
144,13.91
145,13.14
146,12.65
147,12.88
148,12.84
149,13.04
150,12.96
151,13.49
152,13.25
153,13.13
154,12.89
155,12.89
156,13.3
157,13.3
158,12.46
159,12.56
160,12.92
161,11.36
162,12.27
163,11.92
164,13.14
165,13.64
166,12.84
167,13.65
168,12.96
169,13.17
170,12.55
171,13.24
172,13.35
173,12.04
174,12.86
175,12.66
176,13.09
177,12.84
178,13.04
179,12.36
180,11.46
181,11.84
182,12.64
183,12.81
184,11.85
185,12.09
186,11.65
187,12.61
188,12.04
189,10.7
190,12.66
191,12.77
192,11.74
193,11.98
194,11.29
195,11.57
196,10.59
197,11
198,11.56
199,10.14
200,12.06
201,11.67
202,11.7
203,10.87
204,11.08
205,10.61
206,11.43
207,11.93
208,10.64
209,11.32
210,12.41
211,11.41
212,10.88
213,12.09
214,11.34
215,11.41
216,11.19
217,10.82
218,10.49
219,10.47
220,11.57
221,10.82
222,11.82
223,11.39
224,11.1
225,11.02
226,11.48
227,11.39
228,11.63
229,11.43
230,11.44
231,11.59
232,10.66
233,10.41
234,10.93
235,10.66
236,10.67
237,11.2
238,10.31
239,10.96
240,11.29
241,11.74
242,11.59
243,12.08
244,11.48
245,12.37
246,12.3
247,12.11
248,12.01
249,12.29
250,12.04
251,11.8
252,12.31
253,10.72
254,12.78
255,11.94
256,11.58
257,11.77
258,12.28
259,12.41
260,12.41
261,12.28
262,12.6
263,12.01
264,12.48
265,12.45
266,11.75
267,12.45
268,11.73
269,11.82
270,12.02
271,11.76
272,11.99
273,12.52
274,12.42
275,12.11
276,12.63
277,12.72
278,11.9
279,12.37
280,12.24
281,12.33
282,11.66
283,12.23
284,12.23
285,11.76
286,11.37
287,11.65
288,12.28
289,11.78
290,11.72
291,11.69
292,11.43
293,11.44
294,11.11
295,10.68
296,11.26
297,11
298,11.28
299,12.55
300,12
301,12.14
302,11.89
303,11.95
304,11.51
305,11.24
306,12.78
307,12.72
308,11.82
309,11.94
310,13.11
311,13.01
312,13
313,13.17
314,11.63
315,12.38
316,11.83
317,12.84
318,12
319,11.71
320,12.31
321,12.47
322,11.82
323,12.53
324,12.59
325,12.56
326,12.16
327,12.74
328,12.69
329,12.22
330,12.15
331,12.42
332,12.7
333,12.38
334,12.07
335,12.24
336,12.16
337,11.52
338,12.44
339,11.87
340,11.89
341,12.59
342,12.16
343,11.92
344,11.23
345,11.49
346,11.07
347,12.03
348,11.94
349,11.37
350,11.35
351,11.57
352,11.85
353,12.42
354,11.88
355,12.05
356,12.14
357,11.88
358,11.9
359,11.53
360,11.11
361,11.53
362,11.58
363,12.13
364,12.65
365,11.38
366,11.37
367,11.55
368,12.03
369,11.93
370,11.94
371,11.69
372,12.26
373,12.33
374,12.05
375,12.04
376,12.43
377,12.3
378,12.33
379,12.44
380,12.52
381,12.65
382,11.29
383,12.15
384,12.42
385,11.81
386,12.4
387,12.45
388,12.54
389,12.18
390,12.14
391,12.4
392,12.63
393,12.05
394,12.23
395,11.83
396,11.7
397,12.71
398,12.6
399,12.03
400,12.41
401,11.85
402,12.45
403,12.16
404,12.29
405,12.04
406,12.27
407,12.05
408,12.19
409,12.13
410,12.24
411,12.52
412,12.26
413,12.14
414,12.13
415,12.27
416,11.44
417,11.91
418,11.61
419,11.67
420,12.22
421,12.05
422,12.51
423,12.44
424,12.51
425,12.26
426,11.79
427,11.94
428,11.91
429,12.28
430,12.11
431,11.99
432,11.73
433,12.06
434,12.35
435,12.39
436,12.24
437,11.43
438,10.95
439,11.34
440,12.05
441,11.57
442,11.27
443,10.91
444,11.26
445,10.41
446,10.95
447,10.38
448,10.39
449,10.29
450,10.76
451,11.14
452,10.57
453,10.8
454,10.84
455,10.73
456,12.02
457,11.13
458,11.87
459,11.12
460,10.22
461,10.37
462,11.64
463,10.24
464,10.67
465,9.43
466,10.08
467,9.93
468,10.25
469,8.32
470,8.81
471,8.61
472,8.92
473,8.72
474,10.55
475,9.85
476,10.54
477,9.38
478,10.33
479,9.06
480,9.04
481,10.31
482,9.48
483,10.34
484,9.69
485,9.19
486,9.59
487,10.4
488,10.63
489,10.24
490,9.85
491,9.43
492,10.99
493,9.7
494,10.77
495,10.35
496,10.25
497,9.22
498,10.86
499,10
500,10.59
501,9.55
502,8.71
503,9.13
504,10.54
505,9.83
506,10.71
507,10.96
508,10.47
509,10.4
510,10.49
511,10.22
512,10.08
513,11.19
514,9.62
515,10.52
516,10.37
517,10.85
518,11.27
519,9.7
520,10.55
521,11.22
522,9.96
523,9.09
524,10.19
525,10.7
526,9.98
527,10.73
528,10.39
529,10.24
530,9.13
531,10.43
532,10.18
533,9.68
534,11.03
535,9.36
536,10.48
537,10.76
538,9.78
539,9.94
540,9.57
541,9.51
542,9.14
543,9.9
544,10.13
545,10.47
546,8.9
547,8.35
548,9.14
549,9.88
550,9.9
551,10.06
552,8.85
553,9.53
554,9.83
555,10.82
556,9.52
557,9.93
558,10.76
559,11.08
560,10.3
561,10.7
562,11.42
563,10.48
564,10.21
565,11.29
566,10.49
567,10.04
568,10.5
569,10.51
570,10.58
571,10.65
572,10.8
573,11.13
574,10
575,9.98
576,11.15
577,10.99
578,11.21
579,10.96
580,10.58
581,11.19
582,10.53
583,10.91
584,11.37
585,10.31
586,11.02
587,9.84
588,10.81
589,10.46
590,10.89
591,11.14
592,10.87
593,11.43
594,9.95
595,10.24
596,10.43
597,9.09
598,10.44
599,10.58
600,8.92
601,8.7
602,9.67
603,10.03
604,9.62
605,8.99
606,9.03
607,9.82
608,8.89
609,10.21
610,10.32
611,10.53
612,11.18
613,9.94
614,6.91
615,8.72
616,10.13
617,9.25
618,9.1
619,10.38
620,10.15
621,11.04
622,9.89
623,11.04
624,10.54
625,9.79
626,9.79
627,9.98
628,9.72
629,10.66
630,9.69
631,9.58
632,8.18
633,9.26
634,10.79
635,10.59
636,10.2
637,11.05
638,9.5
639,9.4
640,9.32
641,10.29
642,11.38
643,10.41
644,11.23
645,11.49
646,11.26
647,11.16
648,10.57
649,11.43
650,10.19
651,10.54
652,11.83
653,10.55
654,10.81
655,8.78
656,9.44
657,8.84
658,10.88
659,10.15
660,10.35
661,9.39
662,10.58
663,9.85
664,9.88
665,10.79
666,10.2
667,9.9
668,9.94
669,10.46
670,10.02
671,10.04
672,10.19
673,10.15
674,10.51
675,10.06
676,9.21
677,9.68
678,9.75
679,9.01
680,9.15
681,8.82
682,9.25
683,8.64
684,8.8
685,9.87
686,9.97
687,9.16
688,10.23
689,10.07
690,9.55
691,10.35
692,10.02
693,11.34
694,9.6
695,9.38
696,9.23
697,11.05
698,10.76
699,11.5
700,12.13
701,11.38
702,13.3
703,13.16
704,11.44
705,11.32
706,12.38
707,12.55
708,11.88
709,13.44
710,12.84
711,12.85
712,11.79
713,13.25
714,10.67
715,11.32
716,11.99
717,11.02
718,10.57
719,10.06
720,11.89
721,12.67
722,11.53
723,10.78
724,11.66
725,12.44
726,11.78
727,11.24
728,10.09
729,10.46
730,10.22
731,10.82
732,10.24
733,10.4
734,9.18
735,11.4
736,10.68
737,11.28
738,9.39
739,11.93
740,11.5
741,11.52
742,11.88
743,11.96
744,12.41
745,12.04
746,12.21
747,13.05
748,12.66
749,12.17
750,12.51
751,11.49
752,12.8
753,11.78
754,11.26
755,11.51
756,11.88
757,12.12
758,11.23
759,10.92
760,11.53
761,10.66
762,10.91
763,11.04
764,12.26
765,11.46
766,11.15
767,12
768,12.39
769,10.76
770,11.51
771,11.31
772,12.11
773,12.28
774,11.96
775,12.11
776,10.1
777,10.06
778,12.69
779,11.65
780,10.57
781,11.14
782,10.24
783,10.65
784,10.4
785,9.56
786,9.22
787,9.98
788,8.42
789,7.7
790,7.23
791,7.49
792,10.17
793,9.83
794,9.74
795,8.62
796,10.55
797,7.92
798,7.83
799,9.93
800,9.68
801,10.29
802,11.01
803,10.02
804,11.05
805,10.53
806,10.01
807,10.33
808,10.17
809,10.93
810,8.63
811,10.81
812,9.76
813,8.25
814,9.63
815,10.24
816,10.16
817,9.08
818,11.22
819,13.64
820,13.13
821,8.68
822,10.67
823,12.06
824,11.57
825,10.8
826,11.58
827,10.21
828,8.97
829,9.26
830,9.35
831,8.92
832,10.48
833,9.77
834,9.9
835,8.43
836,8.78
837,11.94
838,9.48
839,10.21
840,8.68
841,9.87
842,10.7
843,10.54
844,11.08
845,9.4
846,9.87
847,10.78
848,10.34
849,10.79
850,10.05
851,10.5
852,10.56
853,10.18
854,10.31
855,10.27
856,11.43
857,12.45
858,12.32
859,12.75
860,12.62
861,13.28
862,13.02
863,12.27
864,10.97
865,11.06
866,12.52
867,14.37
868,12.93
869,12.9
870,11.74
871,11.14
872,10.14
873,13.23
874,10.86
875,10.79
876,9.93
877,9.35
878,9.7
879,9.95
880,10.5
881,11.78
882,11.52
883,11.08
884,10.37
885,8.7
886,9.35
887,9.45
888,12.52
889,11.39
890,12.75
891,12.17
892,12.78
893,10.35
894,10.73
895,10.08
896,10.2
897,11.18
898,11.23
899,12.76
900,10.71
901,11.66
902,11.54
903,11.18
904,10.03
905,10.37
906,8.79
907,9.73
908,9.48
909,9.3
910,9.07
911,8.64
912,8.56
913,7.84
914,10.64
915,9.68
916,9.4
917,10.61
918,12.59
919,12.07
920,11.5
921,10.8
922,12.03
923,10.28
924,10.75
925,12.23
926,11.53
927,10.08
928,12.47
929,12.3
930,12.03
931,10.45
932,11.17
933,10.77
934,11.25
935,11.38
936,11.62
937,10.12
938,10.86
939,9.31
940,12.25
941,12.16
942,12.74
943,11.26
944,9.27
945,12.22
946,10.79
947,12.35
948,11.9
949,12.63
950,12.19
951,12.51
952,12.32
953,10.92
954,10.93
955,11.58
956,10.87
957,10.53
958,9.74
959,13.01
960,13.76
961,13.34
962,13.99
963,13.14
964,12.38
965,11.95
966,14.34
967,12.27
968,13.18
969,14.42
970,13.99
971,15.15
972,14.89
973,16.08
974,13.12
975,14.87
976,17.48
977,13.97
978,12.94
979,16.57
980,14.84
981,15.69
982,13.76
983,12.58
984,13.29
985,13.61
986,11.98
987,13.06
988,12
989,12.05
990,13.01
991,14.76
992,14.9
993,16.81
994,18.7
995,17.82
996,16.12
997,17.99
998,14.15
999,12.99
1000,14.02
1001,12.49
1002,12.55
1003,12.1
1004,12.14
1005,11.86
1006,12.31
1007,13.29
1008,13.45
1009,13.26
1010,15.45
1011,14.29
1012,13.24
1013,14.04
1014,13.53
1015,13.35
1016,13.14
1017,14.01
1018,12.47
1019,11.76
1020,14.38
1021,13.57
1022,12.3
1023,13.15
1024,13.08
1025,14.41
1026,11.97
1027,10.59
1028,10.75
1029,10.53
1030,10.94
1031,12.09
1032,11.19
1033,12.46
1034,10.88
1035,9.76
1036,10.31
1037,10.72
1038,10.03
1039,11.7
1040,11.92
1041,9.41
1042,8.33
1043,9.61
1044,10.05
1045,10.84
1046,11.31
1047,11.26
1048,11.11
1049,9.18
1050,9.18
1051,10.48
1052,11.31
1053,8.71
1054,10.7
1055,8.51
1056,13.56
1057,11.57
1058,10.88
1059,10.05
1060,11.37
1061,11.02
1062,10.51
1063,9.51
1064,10.44
1065,9.87
1066,10.34
1067,11.25
1068,10.57
1069,11.86
1070,11.31
1071,8.63
1072,11.74
1073,11.14
1074,11.46
1075,9.95
1076,10.83
1077,10.46
1078,10.41
1079,10.58
1080,9.45
1081,10.56
1082,10.39
1083,10.04
1084,10.82
1085,9.9
1086,10.28
1087,10.26
1088,10.98
1089,10.28
1090,9.58
1091,8.48
1092,8.99
1093,9.71
1094,9.42
1095,9.59
1096,8.8
1097,11.53
1098,10.75
1099,9.63
1100,11.19
1101,12.23
1102,10.63
1103,10.29
1104,11.49
1105,10.94
1106,9.7
1107,12.09
1108,10.47
1109,11.43
1110,11.98
1111,11.08
1112,11.83
1113,9.32
1114,9.76
1115,9.39
1116,10.43
1117,7.86
1118,10.15
1119,10.62
1120,9.49
1121,9.84
1122,9
1123,10.03
1124,9.84
1125,9.4
1126,10.29
1127,9.95
1128,7.8
1129,8.86
1130,7.91
1131,7.96
1132,9.06
1133,7.7
1134,7.8
1135,8.04
1136,8.93
1137,9.58
1138,9.83
1139,8.89
1140,8.48
1141,10.1
1142,9.34
1143,8.74
1144,9.23
1145,9.23
1146,8.7
1147,11.02
1148,9.87
1149,9.08
1150,7.65
1151,8.8
1152,8.8
1153,8.95
1154,9.3
1155,7.62
1156,8.09
1157,8.85
1158,7.46
1159,7.06
1160,7.31
1161,6.4
1162,6.61
1163,5.87
1164,6.79
1165,6.23
1166,5.18
1167,6.41
1168,5.97
1169,7.01
1170,5.26
1171,5.1
1172,4.35
1173,6.53
1174,5.89
1175,5.52
1176,5.02
1177,5.73
1178,4.03
1179,4.24
1180,4.28
1181,4.61
1182,5.79
1183,5.1
1184,4.38
1185,4.99
1186,5.06
1187,5.26
1188,5.93
1189,6.41
1190,5.57
1191,5.77
1192,6.39
1193,7.5
1194,7.46
1195,7.67
1196,9.05
1197,7.52
1198,8.13
1199,8.77
1200,8.64
1201,7.84
1202,9.67
1203,9.4
1204,8.28
1205,9.64
1206,9.29
1207,10.01
1208,10.31
1209,8.98
1210,9.94
1211,10.5
1212,10.13
1213,10.94
1214,11.33
1215,10.72
1216,11.24
1217,11.75
1218,10.82
1219,10.98
1220,11.5
1221,11.45
1222,10.74
1223,10.94
1224,10.89
1225,10.39
1226,11.34
1227,10.31
1228,9.98
1229,8.97
1230,10.29
1231,10.98
1232,11.01
1233,9.94
1234,11.27
1235,11.04
1236,9.56
1237,9.46
1238,10.46
1239,8.61
1240,9.38
1241,9.96
1242,9.95
1243,10.04
1244,10.21
1245,9.58
1246,9.43
1247,9.32
1248,9.93
1249,9.73
1250,10.56
1251,11.43
1252,9.64
1253,9.78
1254,9.72
1255,9.82
1256,9.73
1257,10.09
1258,10.03
1259,11.05
1260,10.13
1261,10.85
1262,10.55
1263,10.63
1264,10.78
1265,9.17
1266,9.96
1267,10.66
1268,10.71
1269,12.5
1270,12.65
1271,13.21
1272,12.9
1273,12.22
1274,14.69
1275,13.41
1276,13.04
1277,13.19
1278,12.5
1279,14.09
1280,14.64
1281,12.55
1282,13.36
1283,13.68
1284,14.37
1285,13.44
1286,12.96
1287,13
1288,14.28
1289,13.5
1290,14.19
1291,14.93
1292,13.15
1293,14.82
1294,13.72
1295,13.3
1296,12.19
1297,14.34
1298,12.75
1299,14.08
1300,13.1
1301,13.58
1302,14.12
1303,12.55
1304,12.59
1305,14.89
1306,12.72
1307,12.22
1308,13.21
1309,12.66
1310,13.24
1311,12.57
1312,13.68
1313,12.24
1314,12.35
1315,12
1316,11.65
1317,11.58
1318,11.14
1319,10.94
1320,11.43
1321,12.25
1322,11.77
1323,11.24
1324,12.24
1325,12.98
1326,12.1
1327,11.64
1328,12.92
1329,12.86
1330,12.79
1331,13.06
1332,11.64
1333,13.25
1334,13.5
1335,13.54
1336,12.73
1337,13.32
1338,13.77
1339,13.18
1340,13.52
1341,13.07
1342,13.94
1343,13.1
1344,13.41
1345,12.78
1346,13.68
1347,13.25
1348,13.51
1349,13.44
1350,13.89
1351,13.47
1352,13.09
1353,12.77
1354,12.78
1355,12.57
1356,12.68
1357,13.46
1358,12.75
1359,13.03
1360,12.59
1361,13.2
1362,13.13
1363,12.54
1364,13.44
1365,13.1
1366,13.57
1367,13.88
1368,13.3
1369,13.22
1370,13.44
1371,13.39
1372,13.2
1373,13.09
1374,12.54
1375,12.3
1376,13.25
1377,12.91
1378,13.22
1379,13.44
1380,13.21
1381,13.07
1382,13.44
1383,13.07
1384,13.3
1385,13
1386,12.26
1387,12.12
1388,12.66
1389,12.53
1390,11.88
1391,11.51
1392,12.57
1393,11.42
1394,11.64
1395,11.67
1396,12
1397,11.73
1398,11.47
1399,11.39
1400,12.61
1401,12.79
1402,11.35
1403,11.58
1404,11.91
1405,12.17
1406,11.17
1407,11.28
1408,11.61
1409,10.21
1410,10.65
1411,11.01
1412,11.31
1413,11.39
1414,11.6
1415,10.59
1416,9.69
1417,10.68
1418,10.61
1419,9.98
1420,10.87
1421,9.91
1422,11.82
1423,10.8
1424,11.56
1425,10.62
1426,11.12
1427,9.64
1428,9.1
1429,9.52
1430,10.27
1431,9.58
1432,9.63
1433,8.65
1434,10.69
1435,10.49
1436,8.51
1437,10.06
1438,9.25
1439,8.64
1440,8.87
1441,9.77
1442,9.94
1443,9.28
1444,9.43
1445,9.14
1446,11.34
1447,11.03
1448,9.81
1449,9.74
1450,9.75
1451,9.89
1452,9.88
1453,11.03
1454,10.78
1455,10.99
1456,9.62
1457,10.27
1458,9.88
1459,10.74
1460,10.15
1461,10.98
1462,11.18
1463,10.61
1464,10.42
1465,9.79
1466,11.66
1467,10.29
1468,10.55
1469,10.92
1470,10.73
1471,11.14
1472,10.15
1473,11.53
1474,10.66
1475,10.92
1476,12.39
1477,11.63
1478,10.6
1479,10.85
1480,12.11
1481,12.37
1482,11.65
1483,11.39
1484,12.06
1485,11.95
1486,11.04
1487,11.85
1488,12.25
1489,11.75
1490,11.5
1491,13.05
1492,12.55
1493,11.65
1494,12.83
1495,12.29
1496,10.73
1497,13.04
1498,11.94
1499,11.99
1500,12.43
1501,12.58
1502,12.02
1503,11.99
1504,12.01
1505,12
1506,11.86
1507,11.44
1508,11.66
1509,12.38
1510,12.79
1511,12.18
1512,11.73
1513,13.27
1514,11.7
1515,11.68
1516,11.09
1517,11.58
1518,10.98
1519,10.63
1520,11.17
1521,10.91
1522,10.68
1523,9.6
1524,10.93
1525,10.36
1526,9.49
1527,9.77
1528,9.59
1529,9.75
1530,10.84
1531,10.16
1532,9.92
1533,9.79
1534,10.65
1535,10.8
1536,10.6
1537,10.65
1538,10.53
1539,10.65
1540,10.69
1541,11.42
1542,12.03
1543,11.1
1544,10.85
1545,11.97
1546,11.99
1547,13
1548,12.17
1549,13.12
1550,12.96
1551,11.38
1552,12.59
1553,11.15
1554,11.25
1555,11.21
1556,11.49
1557,12.17
1558,10.8
1559,11.04
1560,11.8
1561,12.43
1562,12.93
1563,13.42
1564,13.26
1565,12.64
1566,13.29
1567,14.14
1568,12.29
1569,13.74
1570,12.59
1571,14.01
1572,12.3
1573,13.16
1574,12.93
1575,11.93
1576,11.26
1577,13.46
1578,12.67
1579,13.68
1580,13.28
1581,13.9
1582,12.06
1583,12.52
1584,12.4
1585,13.05
1586,12.45
1587,12.35
1588,12.69
1589,12.07
1590,12.41
1591,12.67
1592,12.87
1593,12.07
1594,12.26
1595,12.88
1596,11.82
1597,12.74
1598,12.48
1599,12.32
1600,12.18
1601,12.28
1602,12.03
1603,12.39
1604,12.25
1605,12.15
1606,12.86
1607,12.18
1608,12.53
1609,12.19
1610,10.27
1611,11.52
1612,10.42
1613,11.45
1614,10
1615,11.24
1616,10.78
1617,11.08
1618,11.13
1619,10.86
1620,10.18
1621,10.83
1622,9.74
1623,8.98
1624,9.62
1625,10.12
1626,9.88
1627,10.34
1628,10.31
1629,10.54
1630,10.21
1631,10.36
1632,10.98
1633,9.55
1634,9.1
1635,9.18
1636,9.62
1637,11.71
1638,10.54
1639,10.42
1640,10.63
1641,10.62
1642,10.78
1643,9.64
1644,11.14
1645,10.52
1646,9.81
1647,8.14
1648,9.65
1649,9.26
1650,8.48
1651,7.71
1652,8.41
1653,8.25
1654,7.83
1655,8.21
1656,8.23
1657,7.97
1658,8.79
1659,8.68
1660,9.72
1661,8.94
1662,7.31
1663,9.62
1664,7.23
1665,10.44
1666,8.91
1667,8.64
1668,8.85
1669,7.95
1670,6.64
1671,9.13
1672,7.83
1673,7.12
1674,9.1
1675,8.5
1676,7.78
1677,7.07
1678,6.68
1679,7.09
1680,7.12
1681,6.15
1682,6.11
1683,5.27
1684,6.4
1685,6.89
1686,5.93
1687,6.54
1688,7.43
1689,7.38
1690,7.21
1691,8.17
1692,7.08
1693,6.6
1694,6.01
1695,7.25
1696,5.34
1697,5.58
1698,6.79
1699,6.33
1700,5.14
1701,6.32
1702,6.6
1703,7.37
1704,7.55
1705,6.47
1706,7.66
1707,7.73
1708,6.44
1709,6.25
1710,7.81
1711,8.39
1712,7.04
1713,8.27
1714,8.5
1715,9.75
1716,9.14
1717,9.77
1718,10.25
1719,9.54
1720,10.24
1721,8.77
1722,9.6
1723,8.59
1724,10.17
1725,10.14
1726,9.41
1727,10.71
1728,10.44
1729,9.7
1730,8.95
1731,8.64
1732,8.41
1733,8.78
1734,8.2
1735,8.43
1736,8.91
1737,7.42
1738,8.23
1739,7.88
1740,8.29
1741,8.03
1742,9.09
1743,8.42
1744,7.92
1745,8.43
1746,7.95
1747,8.63
1748,8.41
1749,8.68
1750,8.77
1751,9.32
1752,9.27
1753,8.88
1754,9
1755,9.28
1756,9.56
1757,9.03
1758,9.19
1759,9.82
1760,10.09
1761,9.33
1762,9.26
1763,9.48
1764,8.66
1765,8.58
1766,9.57
1767,9.49
1768,9.47
1769,8.32
1770,9.15
1771,8.25
1772,8.89
1773,8.57
1774,7.81
1775,9.13
1776,8.46
1777,7.33
1778,8.26
1779,8.54
1780,7.7
1781,8.25
1782,7.96
1783,9.49
1784,8.92
1785,7.44
1786,9.21
1787,9.68
1788,8.15
1789,9.27
1790,9.55
1791,7.67
1792,6.34
1793,7.66
1794,7.38
1795,6.76
1796,7.12
1797,6.87
1798,5.97
1799,5.92
1800,6.3
1801,6.02
1802,5.48
1803,5.86
1804,6.7
1805,6.01
1806,6.55
1807,6.53
1808,6.93
1809,6.42
1810,7.21
1811,7.22
1812,8
1813,7.2
1814,7.07
1815,6.51
1816,8.3
1817,7.01
1818,7.46
1819,8.36
1820,8.63
1821,8.82
1822,8.59
1823,7.68
1824,8.86
1825,8.57
1826,9
1827,10.58
1828,9.3
1829,8.68
1830,9.74
1831,8.6
1832,9.55
1833,9.34
1834,9.09
1835,9.04
1836,8.32
1837,9.96
1838,9.52
1839,7.79
1840,8.9
1841,7.46
1842,8.87
1843,8.91
1844,8.67
1845,8.97
1846,7.18
1847,8.53
1848,7.4
1849,6.47
1850,9.37
1851,8.33
1852,7.48
1853,8.05
1854,6.78
1855,7.37
1856,6.97
1857,7.15
1858,8.01
1859,8.8
1860,9.05
1861,7.53
1862,8.11
1863,6.89
1864,7.24
1865,7.4
1866,8.29
1867,7.48
1868,6.89
1869,7.31
1870,5.88
1871,7.25
1872,7.33
1873,7.3
1874,8.19
1875,7.13
1876,7.69
1877,6.5
1878,7.55
1879,7.85
1880,7.35
1881,8.39
1882,7.51
1883,8.13
1884,7.39
1885,6.64
1886,7.14
1887,6.88
1888,7.88
1889,7.65
1890,5.63
1891,7.16
1892,7.62
1893,6.81
1894,7.32
1895,8.3
1896,7.08
1897,7.27
1898,8.47
1899,8.51
1900,7.64
1901,7.58
1902,7.69
1903,8.62
1904,8.28
1905,8.45
1906,8.87
1907,7.52
1908,8.83
1909,8.72
1910,7.96
1911,8.28
1912,7.6
1913,8.13
1914,9
1915,8.42
1916,8.31
1917,8.29
1918,9.49
1919,7.42
1920,8.72
1921,8.93
1922,8.21
1923,9.65
1924,8.86
1925,8.35
1926,8.59
1927,9.07
1928,9.08
1929,8.75
1930,9.55
1931,9.2
1932,8.84
1933,9.67
1934,9.72
1935,9.13
1936,9.12
1937,8.96
1938,9.31
1939,8.9
1940,9.46
1941,9.09
1942,10.27
1943,10
1944,9.84
1945,10.04
1946,9.91
1947,10.49
1948,9.97
1949,9.9
1950,9.33
1951,9.08
1952,9.18
1953,10.04
1954,9.16
1955,9.11
1956,9.86
1957,9.89
1958,9.18
1959,9.83
1960,8.91
1961,8.72
1962,8.68
1963,9.27
1964,8.6
1965,9.19
1966,8.6
1967,8.03
1968,9.01
1969,9.09
1970,7.82
1971,8.21
1972,8.51
1973,9.57
1974,8.82
1975,9.8
1976,8.13
1977,8.15
1978,10.6
1979,9.65
1980,9.88
1981,10.1
1982,8.81
1983,9.16
1984,9.33
1985,8.36
1986,10.72
1987,10.93
1988,10.11
1989,9.69
1990,9.94
1991,10.03
1992,10.29
1993,9.89
1994,10.19
1995,10.74
1996,10.69
1997,10.69
1998,10.75
1999,10.52
2000,10.72
2001,10.19
2002,10.63
2003,9.88
2004,10.13
2005,10.01
2006,9.84
2007,10.88
2008,11.08
2009,9.91
2010,9.86
2011,9.94
2012,10.25
2013,10.63
2014,11.28
2015,10.71
2016,11.28
2017,10.76
2018,11.39
2019,10.09
2020,11.55
2021,11.02
2022,11
2023,10.5
2024,9.59
2025,10.2
2026,11.22
2027,10.98
2028,9.83
2029,9.69
2030,9.59
2031,8.35
2032,9.36
2033,7.91
2034,7.72
2035,8.54
2036,7.64
2037,8.47
2038,9.43
2039,8.71
2040,7.41
2041,7.45
2042,6.9
2043,8.23
2044,7.4
2045,7.54
2046,7.75
2047,7.99
2048,8.32
2049,7.16
2050,7.05
2051,6.3
2052,7.04
2053,6.3
2054,6.82
2055,7.35
2056,7.1
2057,7.56
2058,7.46
2059,6.24
2060,5.66
2061,7.15
2062,7.45
2063,6.77
2064,6.32
2065,7.34
2066,6.9
2067,7.35
2068,7.36
2069,7.21
2070,8.13
2071,7.99
2072,6.97
2073,7.3
2074,8.07
2075,8.41
2076,6.98
2077,8.74
2078,9.44
2079,8.27
2080,8.88
2081,9.25
2082,9.79
2083,8.63
2084,8.69
2085,9.44
2086,9.34
2087,8.71
2088,8.2
2089,9.91
2090,8.44
2091,8.63
2092,8.14
2093,9.47
2094,9.08
2095,6.36
2096,8.02
2097,7.86
2098,8.3
2099,7.89
2100,6.91
2101,6.46
2102,7.23
2103,7.3
2104,7.13
2105,6.65
2106,6.96
2107,6.88
2108,7.55
2109,6.85
2110,6.67
2111,6.49
2112,6.63
2113,6.93
2114,6.25
2115,6.02
2116,6.76
2117,7.73
2118,7.52
2119,6.38
2120,6.74
2121,7.48
2122,7.51
2123,5.88
2124,6.51
2125,6.01
2126,5.71
2127,7.24
2128,6.32
2129,5.96
2130,5.85
2131,5.94
2132,5.25
2133,6
2134,5.41
2135,5.98
2136,6.25
2137,6
2138,5.97
2139,5.84
2140,6.55
2141,6.12
2142,6.5
2143,6.05
2144,5.86
2145,6.63
2146,5.77
2147,6.91
2148,6.39
2149,6.4
2150,5.75
2151,6.09
2152,5.74
2153,6.46
2154,5.78
2155,5.16
2156,5
2157,5.84
2158,5.68
2159,4.7
2160,4.11
2161,4.52
2162,4.57
2163,5.17
2164,4.53
2165,4.5
2166,4.91
2167,4.63
2168,4.32
2169,4.93
2170,4.75
2171,4.91
2172,4.37
2173,4.64
2174,5.11
2175,5.41
2176,5.54
2177,6
2178,5.31
2179,5.37
2180,4.95
2181,5.5
2182,5.66
2183,6.2
2184,5.87
2185,5.68
2186,6.01
2187,5.59
2188,5.94
2189,5.7
2190,5.83
2191,4.72
2192,4.74
2193,5.75
2194,5.62
2195,5.79
2196,6.46
2197,7.3
2198,7.17
2199,6.57
2200,6.14
2201,5.68
2202,5.74
2203,6.18
2204,6.33
2205,7.28
2206,5.86
2207,6.35
2208,5.97
2209,5.81
2210,6.2
2211,6.11
2212,6.3
2213,6.34
2214,6.1
2215,6.4
2216,6.41
2217,6.08
2218,6.15
2219,5.9
2220,5.21
2221,4.73
2222,5.46
2223,4.56
2224,4.53
2225,5.12
2226,4.94
2227,4.9
2228,5.07
2229,4.84
2230,4.41
2231,6.01
2232,5.31
2233,5.48
2234,5.83
2235,5.75
2236,6.19
2237,5.78
2238,5.71
2239,5.7
2240,5.79
2241,5.8
2242,5.59
2243,5.53
2244,5.59
2245,6.14
2246,6.26
2247,6.01
2248,5.89
2249,5.9
2250,5.38
2251,6.54
2252,5.15
2253,3.41
2254,2.77
2255,6.77
2256,9.73
2257,10.26
2258,10.94
2259,9.79
2260,9.65
2261,9.99
2262,10.47
2263,11.17
2264,11.29
2265,11.24
2266,10.83
2267,9.17
2268,8.41
2269,7.69
2270,8.74
2271,9.71
2272,9.43
2273,8.89
2274,8.27
2275,7.38
2276,7.17
2277,6.95
2278,6.76
2279,7.14
2280,6.32
2281,6.15
2282,6.4
2283,6.7
2284,8.34
2285,8.68
2286,8.72
2287,8.59
2288,7.92
2289,6.87
2290,9.54
2291,10.45
2292,10.2
2293,9.46
2294,10.13
2295,10.26
2296,9.25
2297,7.65
2298,7.81
2299,9.74
2300,9.96
2301,10.49
2302,9.4
2303,7.74
2304,7.21
2305,7.79
2306,9.3
2307,7.41
2308,7.17
2309,9.77
2310,9.98
2311,11.52
2312,11.07
2313,11.38
2314,11.51
2315,11.25
2316,11.04
2317,11.42
2318,11.03
2319,11.14
2320,10.82
2321,10.82
2322,11.26
2323,11.78
2324,11.77
2325,11.48
2326,11.12
2327,10.83
2328,11.27
2329,11.35
2330,11.56
2331,10.76
2332,10.91
2333,9.67
2334,9.31
2335,9.89
2336,10.49
2337,10.33
2338,11.63
2339,12.01
2340,10.9
2341,10.25
2342,9.64
2343,10.28
2344,10.73
2345,12.92
2346,13.03
2347,11.77
2348,11.19
2349,12.88
2350,12.93
2351,13.17
2352,12.02
2353,9.56
2354,9.73
2355,12.69
2356,12.54
2357,12.15
2358,12.65
2359,11.04
2360,10.2
2361,10.33
2362,11.34
2363,10.08
2364,9.99
2365,9.51
2366,10.89
2367,11.78
2368,12.01
2369,11.05
2370,10.15
2371,11.53
2372,12.03
2373,10.81
2374,10.91
2375,11.32
2376,10.83
2377,10.34
2378,11.38
2379,10.2
2380,9.32
2381,7.64
2382,12.12
2383,11.47
2384,9.93
2385,10.2
2386,10.21
2387,11.52
2388,10.6
2389,12.33
2390,11.58
2391,11.23
2392,11.32
2393,9.68
2394,9.86
2395,10.15
2396,10.87
2397,11.3
2398,11.92
2399,9.88
2400,9.1
2401,9.03
2402,9.84
2403,10.09
2404,10.74
2405,10.64
2406,10.35
2407,11.14
2408,11.57
2409,10.61
2410,11.76
2411,11.4
2412,10.81
2413,10.8
2414,10.99
2415,11.44
2416,11.58
2417,11.58
2418,11.54
2419,11.28
2420,10.85
2421,11.37
2422,11.04
2423,11.07
2424,12.1
2425,10.36
2426,8.8
2427,9.7
2428,10.06
2429,10.08
2430,11.1
2431,9.49
2432,10
2433,8.45
2434,9.86
2435,9.58
2436,10.19
2437,11.1
2438,11.42
2439,10.32
2440,11.03
2441,9.76
2442,9.41
2443,10.25
2444,9.88
2445,10.04
2446,9.14
2447,9.8
2448,10.46
2449,11.13
2450,10.87
2451,11.18
2452,11.02
2453,10.81
2454,9.41
2455,10.27
2456,10.4
2457,9.21
2458,9.75
2459,8.94
2460,9.61
2461,9.27
2462,9.68
2463,9.63
2464,9.37
2465,9.53
2466,8.93
2467,8.66
2468,8.14
2469,8.65
2470,9.12
2471,8.92
2472,8
2473,8.58
2474,9.22
2475,9.96
2476,9.99
2477,10.63
2478,10
2479,9.32
2480,8.81
2481,8.67
2482,8.13
2483,8.64
2484,9.63
2485,8.79
2486,11.26
2487,11.18
2488,9.88
2489,9.21
2490,8.35
2491,7.74
2492,7.45
2493,9.7
2494,10.36
2495,10.4
2496,11.12
2497,10.16
2498,9.18
2499,9.37
2500,8.83
2501,10.59
2502,9.49
2503,10.73
2504,10.08
2505,10.17
2506,9.39
2507,10.02
2508,9.41
2509,8.93
2510,10.64
2511,9.81
2512,9.69
2513,10.66
2514,12.53
2515,10.92
2516,10.64
2517,11.17
2518,11.52
2519,11.32
2520,10.58
2521,9.44
2522,11.42
2523,11.22
2524,9.99
2525,9.94
2526,9.69
2527,9.94
2528,10.55
2529,10.7
2530,10.33
2531,9.76
2532,9.43
2533,9.79
2534,10.59
2535,10.62
2536,10.68
2537,9.12
2538,9.85
2539,9.52
2540,8.09
2541,7.45
2542,9.07
2543,9.61
2544,9.57
2545,10.55
2546,10.31
2547,9.78
2548,10.16
2549,9.91
2550,9.5
2551,9.2
2552,10.71
2553,10.69
2554,8.58
2555,9.74
2556,9.24
2557,9.33
2558,9.17
2559,9
2560,8.79
2561,10.78
2562,10.97
2563,10.54
2564,9.95
2565,10.65
2566,11.02
2567,9.65
2568,9.45
2569,8.8
2570,7.65
2571,7.19
2572,8
2573,8.54
2574,7.53
2575,8.82
2576,8.76
2577,8.66
2578,10.01
2579,11.23
2580,11.91
2581,10.48
2582,9.91
2583,10.32
2584,9.03
2585,10.74
2586,9.88
2587,10.82
2588,10.92
2589,10.68
2590,9.25
2591,9.67
2592,9.62
2593,10.35
2594,11.31
2595,10.7
2596,10.91
2597,11.2
2598,10.36
2599,10.83
2600,8.67
2601,9.79
2602,10.75
2603,10.13
2604,9.48
2605,8.42
2606,9.27
2607,9.64
2608,10.47
2609,8.98
2610,9.12
2611,9.59
2612,10.06
2613,10.29
2614,9.62
2615,9.68
2616,8.66
2617,9.37
2618,8.7
2619,9.81
2620,8.8
2621,9.75
2622,8.26
2623,10.58
2624,10.6
2625,10.83
2626,10.73
2627,12.11
2628,11.93
2629,10.68
2630,10.65
2631,10.33
2632,10.48
2633,10.63
2634,11.07
2635,9.41
2636,9.46
2637,9.46
2638,9.72
2639,9.26
2640,8.2
2641,8.16
2642,9.02
2643,10.76
2644,10.69
2645,10.8
2646,11.45
2647,10.73
2648,11.34
2649,11.69
2650,10.99
2651,12.1
2652,11.09
2653,12.57
2654,10.82
2655,10.28
2656,12.22
2657,13.26
2658,11.66
2659,11.49
2660,11.82
2661,12.72
2662,11.8
2663,12.17
2664,10.35
2665,10.65
2666,9.89
2667,9.01
2668,11.87
2669,11.4
2670,11.43
2671,12.3
2672,10.92
2673,13.13
2674,11.27
2675,11.38
2676,11.87
2677,12.36
2678,12.75
2679,12.09
2680,11.24
2681,11.55
2682,10.89
2683,10.65
2684,10.65
2685,10.59
2686,12.31
2687,12.03
2688,11.16
2689,11.95
2690,12.27
2691,10.87
2692,9.89
2693,9.76
2694,11.14
2695,10.5
2696,9.65
2697,10.42
2698,12.45
2699,12.83
2700,12.3
2701,12.38
2702,12.61
2703,11.83
2704,11.35
2705,12.81
2706,12.18
2707,11.23
2708,11.15
2709,11.63
2710,11.54
2711,11.77
2712,10.46
2713,9.72
2714,10.99
2715,13.25
2716,11.25
2717,10.65
2718,11.12
2719,11.11
2720,10.2
2721,10.47
2722,10.3
2723,7.99
2724,9.68
2725,9.49
2726,11.48
2727,12.82
2728,13.12
2729,12.06
2730,11.16
2731,10.43
2732,9.92
2733,10.21
2734,11.16
2735,10.44
2736,9
2737,11.07
2738,11.58
2739,10.14
2740,10.72
2741,11.7
2742,11.24
2743,11.47
2744,11.63
2745,11.29
2746,11.18
2747,9.97
2748,9.41
2749,11.17
2750,12.18
2751,12.24
2752,11.26
2753,10.57
2754,10.24
2755,10.86
2756,10.32
2757,9.79
2758,10.52
2759,9.13
2760,10.11
2761,12.27
2762,10.41
2763,10.61
2764,11.76
2765,11.75
2766,11
2767,9.08
2768,9.49
2769,10.42
2770,10.13
2771,10.16
2772,10.27
2773,10.52
2774,10.06
2775,9.76
2776,10.4
2777,11.49
2778,11.54
2779,10.34
2780,10.15
2781,10.69
2782,11.64
2783,10.82
2784,11.1
2785,10.54
2786,10.48
2787,10.41
2788,9.82
2789,10.43
2790,11.91
2791,12.34
2792,11.31
2793,12.08
2794,12.27
2795,11.22
2796,11.19
2797,11.26
2798,11.26
2799,11.98
2800,11.59
2801,10.74
2802,10.88
2803,10.83
2804,10.43
2805,12.07
2806,11.59
2807,10.77
2808,10.49
2809,9.22
2810,11.18
2811,10.38
2812,9.9
2813,9.56
2814,9.99
2815,11.83
2816,13.33
2817,12.22
2818,11.03
2819,10.58
2820,11.7
2821,13.25
2822,12.66
2823,12.11
2824,13.84
2825,12.11
2826,12.66
2827,12.46
2828,12.8
2829,12.88
2830,12.23
2831,11.24
2832,11.28
2833,11.32
2834,11.37
2835,11.01
2836,11.09
2837,11.28
2838,10.83
2839,11.18
2840,11.21
2841,11.79
2842,11.47
2843,12.24
2844,12.78
2845,13.43
2846,13.72
2847,14.03
2848,12.92
2849,14.08
2850,13.04
2851,13.9
2852,12.61
2853,11.8
2854,11.77
2855,11.96
2856,13.11
2857,12.97
2858,13.4
2859,11.54
2860,10.88
2861,11.38
2862,14.33
2863,13.56
2864,12.47
2865,12.17
2866,12.67
2867,13.31
2868,13.75
2869,13.33
2870,13.02
2871,14.31
2872,13.48
2873,13.42
2874,13.63
2875,11.92
2876,10.68
2877,10.71
2878,11.53
2879,12.53
2880,13.26
2881,12.17
2882,14.06
2883,13.38
2884,12.1
2885,11.66
2886,11.62
2887,12.73
2888,12.72
2889,12.35
2890,11.83
2891,10.46
2892,10.85
2893,9.41
2894,11.05
2895,11.47
2896,11.97
2897,12.34
2898,12.33
2899,11.99
2900,12.36
2901,13.95
2902,12.76
2903,11.23
2904,11.07
2905,11.28
2906,12.16
2907,12.04
2908,10.74
2909,10.45
2910,10.47
2911,10.72
2912,12.12
2913,11.43
2914,11.53
2915,11.01
2916,12.1
2917,13.12
2918,12.26
2919,11.02
2920,11.62
2921,11.21
2922,11.46
2923,12.15
2924,11.16
2925,12.29
2926,11.64
2927,11.79
2928,12.15
2929,10.92
2930,12.21
2931,11.36
2932,10.75
2933,10.65
2934,11.56
2935,11.24
2936,10.87
2937,10.9
2938,11.03
2939,10.72
2940,12.11
2941,11.64
2942,10.92
2943,10.91
2944,10.87
2945,10.37
2946,10.32
2947,10.58
2948,11.01
2949,11.78
2950,11.07
2951,11.6
2952,11.07
2953,11.68
2954,11.27
2955,12.62
2956,11.02
2957,11.15
2958,11.32
2959,10.85
2960,11.71
2961,10.6
2962,11.05
2963,9.66
2964,10.46
2965,10.34
2966,10.56
2967,11.77
2968,12.73
2969,12.41
2970,10.22
2971,9.8
2972,12.19
2973,10.74
2974,10.81
2975,12.27
2976,11.72
2977,11.82
2978,10.59
2979,9.47
2980,10.12
2981,8.21
2982,9.28
2983,11.46
2984,10.6
2985,9.77
2986,11.52
2987,10.65
2988,12.69
2989,11.13
2990,11.85
2991,10.89
2992,13.16
2993,13
2994,12.28
2995,12.39
2996,13.47
2997,13.93
2998,15.27
2999,13.72
3000,15.36
3001,12.97
3002,12.78
3003,13.61
3004,11.36
3005,13.44
3006,13.71
3007,13.35
3008,14.05
3009,12.68
3010,12.09
3011,11.87
3012,10.99
3013,11.04
3014,11.64
3015,11.68
3016,11.85
3017,12.25
3018,11.02
3019,11.19
3020,10.66
3021,12.97
3022,11.06
3023,13.33
3024,10.31
3025,11.98
3026,14.28
3027,14.66
3028,14.58
3029,13.86
3030,16.11
3031,15.42
3032,14.62
3033,13.01
3034,13.12
3035,12.68
3036,12.07
3037,13.16
3038,12.08
3039,12.2
3040,12.78
3041,13.67
3042,13.18
3043,13.43
3044,13.37
3045,12.81
3046,12.1
3047,12.2
3048,10.94
3049,11.6
3050,11.12
3051,11.34
3052,11.88
3053,11.36
3054,10.27
3055,11.39
3056,10.56
3057,10.99
3058,10.64
3059,9.94
3060,10.13
3061,10.87
3062,11.11
3063,10.08
3064,10.79
3065,10.53
3066,9.88
3067,8.34
3068,10.17
3069,9.02
3070,9.8
3071,10.04
3072,10.92
3073,11.44
3074,12.04
3075,10.05
3076,13.16
3077,12.54
3078,11.68
3079,12.63
3080,10.78
3081,10.97
3082,12.88
3083,11.49
3084,10.65
3085,10.6
3086,11.31
3087,11.96
3088,11.52
3089,11.5
3090,11.4
3091,11.87
3092,11.76
3093,10.73
3094,12.93
3095,11.07
3096,12.01
3097,11.52
3098,11.65
3099,11.75
3100,10.26
3101,11.03
3102,10.6
3103,11.75
3104,10.75
3105,11.23
3106,11.66
3107,11.15
3108,11.2
3109,11.51
3110,11.78
3111,11.15
3112,11.57
3113,11.12
3114,15.2
3115,13.84
3116,12.65
3117,11.26
3118,11
3119,11.54
3120,12.51
3121,12.08
3122,11.03
3123,11.75
3124,11.86
3125,13.01
3126,10.53
3127,12.53
3128,11.13
3129,11.75
3130,12.34
3131,12.14
3132,12.55
3133,12.03
3134,11.42
3135,11.92
3136,10.52
3137,11.27
3138,12.59
3139,13.28
3140,14
3141,11.83
3142,13.35
3143,13.51
3144,13.63
3145,15.15
3146,13.46
3147,12.8
3148,12.75
3149,14
3150,13.58
3151,13.12
3152,12.77
3153,13.35
3154,12.97
3155,12.27
3156,12.63
3157,12.27
3158,14.63
3159,12.19
3160,12.98
3161,12.44
3162,11.29
3163,11.13
3164,10.58
3165,9.48
3166,9.01
3167,9.82
3168,9.46
3169,10
3170,10.99
3171,9.51
3172,9.75
3173,10
3174,10.39
3175,10.37
3176,9.16
3177,9.61
3178,9.39
3179,9.82
3180,9.28
3181,9.72
3182,9.05
3183,10.18
3184,9.61
3185,10.78
3186,10.67
3187,10.25
3188,11.64
3189,10.85
3190,9.4
3191,11.95
3192,8.73
3193,10.56
3194,12.15
3195,11
3196,11.54
3197,10.57
3198,12.87
3199,11
3200,12.48
3201,11.93
3202,12.5
3203,12.95
3204,11.68
3205,12.01
3206,12.02
3207,11.95
3208,11.4
3209,12.76
3210,12.12
3211,13.81
3212,13.36
3213,12.25
3214,12.82
3215,12.54
3216,12.24
3217,12.52
3218,11.9
3219,12.2
3220,12.89
3221,12.13
3222,11.98
3223,12.22
3224,11.88
3225,10.8
3226,11.26
3227,11.38
3228,10.16
3229,12
3230,11.44
3231,10.63
3232,10.38
3233,11.18
3234,11.38
3235,11.08
3236,11.28
3237,11.28
3238,11.36
3239,10.39
3240,11.14
3241,11.11
3242,11.45
3243,11.03
3244,11.25
3245,11.59
3246,10.82
3247,11.93
3248,11.34
3249,11.1
3250,13.09
3251,11.44
3252,12.38
3253,11.11
3254,13.02
3255,11.21
3256,12.19
3257,11.11
3258,11.69
3259,11.38
3260,11.51
3261,9.81
3262,11.86
3263,9.86
3264,10.98
3265,10.44
3266,8.95
3267,11.36
3268,10.8
3269,11.2
3270,10.59
3271,11.33
3272,10.94
3273,10.04
3274,11.88
3275,12.64
3276,13.07
3277,11.96
3278,12.83
3279,12.97
3280,11.56
3281,11.34
3282,11.62
3283,10.81
3284,11.07
3285,11.56
3286,11.48
3287,11.67
3288,10.05
3289,9.52
3290,10.46
3291,10.76
3292,9.38
3293,9.98
3294,8.85
3295,8.68
3296,8.39
3297,8.64
3298,8.38
3299,7.42
3300,8.73
3301,9.18
3302,8.36
3303,7.56
3304,9.61
3305,9.91
3306,9.14
3307,11
3308,11.11
3309,9.65
3310,9.82
3311,9.98
3312,9.34
3313,9.97
3314,10.54
3315,9.63
3316,10.44
3317,10.4
3318,9.92
3319,11.05
3320,9.44
3321,8.58
3322,7.7
3323,7.99
3324,8.36
3325,10.13
3326,9.63
3327,10.35
3328,7.97
3329,9.88
3330,9.57
3331,9.99
3332,9.06
3333,8.26
3334,8.73
3335,7.79
3336,7.43
3337,7.36
3338,6.68
3339,7.03
3340,8.56
3341,9.13
3342,9.28
3343,9.73
3344,9.6
3345,9.29
3346,8.42
3347,9.38
3348,7.64
3349,7.17
3350,7.5
3351,6.53
3352,8.09
3353,8.01
3354,7.35
3355,6.91
3356,9.12
3357,8.27
3358,7.82
3359,9.75
3360,8.29
3361,9.14
3362,10.67
3363,9.23
3364,10.2
3365,8.39
3366,9.03
3367,10.43
3368,10.84
3369,9.64
3370,10.24
3371,8.38
3372,7.85
3373,9.61
3374,9.16
3375,10.32
3376,8.97
3377,8.29
3378,9.87
3379,9.59
3380,9.33
3381,9.25
3382,7.18
3383,10.2
3384,9.94
3385,10.08
3386,6.31
3387,6.86
3388,8.97
3389,8.14
3390,8
3391,6.87
3392,8.34
3393,7.94
3394,7.03
3395,8.85
3396,10.22
3397,9.92
3398,10.59
3399,10.75
3400,10.68
3401,11.4
3402,10.12
3403,10.89
3404,9.89
3405,9.53
3406,10.05
3407,8.57
3408,8.15
3409,7.4
3410,8.65
3411,8.28
3412,9.01
3413,8.94
3414,7.71
3415,7.62
3416,8.44
3417,10.82
3418,10.56
3419,10.24
3420,11.28
3421,11.51
3422,10.74
3423,10.14
3424,11.77
3425,11.55
3426,11.29
3427,9.58
3428,10.57
3429,10.06
3430,9.95
3431,9.64
3432,9.71
3433,9.03
3434,8.97
3435,9
3436,6.74
3437,7.04
3438,9.75
3439,9.76
3440,9.39
3441,9.02
3442,6.52
3443,8.3
3444,9.63
3445,8.6
3446,8.99
3447,8.01
3448,9.42
3449,10.09
3450,10.07
3451,8.89
3452,8.63
3453,8.23
3454,9.61
3455,7.61
3456,7.58
3457,8.02
3458,7.87
3459,10.59
3460,10.69
3461,9.91
3462,8.32
3463,8.91
3464,8.25
3465,9.79
3466,8.83
3467,8.33
3468,8.31
3469,9.26
3470,8.59
3471,8.22
3472,6.79
3473,6.37
3474,7.79
3475,8.86
3476,10.13
3477,8.73
3478,9.16
3479,8.13
3480,9.8
3481,9.97
3482,9.48
3483,8.59
3484,9.65
3485,8.74
3486,8.8
3487,8.72
3488,10.11
3489,9.12
3490,8.9
3491,8.38
3492,7.46
3493,7.57
3494,8.26
3495,7.41
3496,7.48
3497,9.58
3498,7.59
3499,6.18
3500,6.38
3501,8.18
3502,9.94
3503,8.36
3504,8.48
3505,9.17
3506,8.15
3507,8.53
3508,9.25
3509,7.87
3510,8.38
3511,8.89
3512,8.24
3513,9.06
3514,9.57
3515,8.02
3516,7.58
3517,6.79
3518,7.15
3519,5.76
3520,7.98
3521,9.18
3522,7.15
3523,6.8
3524,8.47
3525,6.89
3526,8.34
3527,8.45
3528,8.55
3529,8.5
3530,8.99
3531,9.92
3532,8.86
3533,9.44
3534,7.95
3535,8.5
3536,6.96
3537,7.84
3538,7.32
3539,6.78
3540,7.48
3541,6.96
3542,8.53
3543,6.56
3544,7.26
3545,7.46
3546,6.12
3547,7.26
3548,9.09
3549,7.96
3550,7.69
3551,8.52
3552,9.18
3553,7.86
3554,8.25
3555,8.66
3556,8.08
3557,6.7
3558,6.02
3559,5.92
3560,6.79
3561,7.14
3562,7.8
3563,7.54
3564,6.69
3565,6.49
3566,8.85
3567,7.34
3568,7.37
3569,6.26
3570,7.1
3571,8.56
3572,8.11
3573,7.35
3574,7.16
3575,7.94
3576,7.9
3577,8.25
3578,8.1
3579,7.78
3580,7.42
3581,5.29
3582,4.85
3583,5.07
3584,4.9
3585,6.3
3586,7.23
3587,6.75
3588,6.48
3589,7.12
3590,7.13
3591,5.32
3592,5.74
3593,7.32
3594,9.02
3595,8.66
3596,7.75
3597,7.33
3598,6.7
3599,6.21
3600,5.47
3601,5.37
3602,5.47
3603,5.18
3604,4.74
3605,7.88
3606,8.54
3607,5.96
3608,5.95
3609,4.76
3610,6.56
3611,8.01
3612,8.61
3613,7.01
3614,6.85
3615,8.58
3616,8.58
3617,7.01
3618,8.02
3619,9.83
3620,8.78
3621,9.18
3622,8.17
3623,8.86
3624,6.98
3625,7.63
3626,8.01
3627,5.65
3628,5.53
3629,8.14
3630,8.15
3631,7.99
3632,6.47
3633,5.27
3634,4.18
3635,6.07
3636,6.2
3637,5.83
3638,4.64
3639,5.2
3640,5.43
3641,6.59
3642,5.99
3643,7.59
3644,5.93
3645,5.11
3646,4.61
3647,6.41
3648,6.39
3649,7.1
3650,5.82
3651,6.91
3652,8.17
3653,8.52
3654,7.03
3655,7.59
3656,6.06
3657,6.6
3658,6.2
3659,7.85
3660,7.03
3661,6.11
3662,7.46
3663,7.69
3664,8.15
3665,7.25
3666,5.62
3667,7.58
3668,5.2
3669,5.92
3670,5.54
3671,6
3672,6.34
3673,7.35
3674,5.87
3675,4.53
3676,6.62
3677,5.34
3678,6.37
3679,5.78
3680,5.58
3681,5.31
3682,5.47
3683,8.24
3684,8.75
3685,7.32
3686,6.8
3687,6.26
3688,4.51
3689,5.19
3690,6.46
3691,5.36
3692,3.94
3693,5.46
3694,6.43
3695,9.66
3696,8.13
3697,5.68
3698,6.56
3699,7.43
3700,6.41
3701,6.74
3702,5.28
3703,6.95
3704,5.45
3705,6.43
3706,6.73
3707,5.85
3708,5.5
3709,5.54
3710,5.18
3711,7.15
3712,5.77
3713,6.64
3714,8.52
3715,7.94
3716,6.28
3717,6.55
3718,7.06
3719,7.43
3720,7.23
3721,8.24
3722,7.17
3723,6.84
3724,5.61
3725,5.14
3726,4.79
3727,6.21
3728,6.45
3729,6.9
3730,6.67
3731,6.24
3732,8.39
3733,7.93
3734,6.4
3735,5.4
3736,4.31
3737,6.18
3738,6.3
3739,7.63
3740,6.46
3741,5.29
3742,6.56
3743,6.68
3744,5.99
3745,6.47
3746,6.85
3747,5.99
3748,6.64
3749,5.44
3750,5.78
3751,5.5
3752,5.86
3753,5.4
3754,5.12
3755,6.2
3756,7.21
3757,5.98
3758,4.74
3759,5.53
3760,5.52
3761,6.02
3762,6.86
3763,5.3
3764,6.24
3765,4.04
3766,3.7
3767,3.66
3768,4.69
3769,3.89
3770,3.89
3771,4.36
3772,3.71
3773,4.67
3774,3.24
3775,5.36
3776,5.29
3777,5.5
3778,4.75
3779,6.15
3780,5.88
3781,5.13
3782,4.64
3783,6.04
3784,4.34
3785,2.82
3786,3.69
3787,4.2
3788,3.95
3789,5.27
3790,5.35
3791,6.27
3792,5.78
3793,4.56
3794,4.62
3795,3.97
3796,3.3
3797,4.77
3798,5.17
3799,4.92
3800,5.18
3801,4.28
3802,5.01
3803,4.81
3804,5.22
3805,5.81
3806,4.45
3807,3.43
3808,4.27
3809,4.91
3810,5.52
3811,6.05
3812,6.01
3813,4.77
3814,4.58
3815,5.27
3816,4.98
3817,4.79
3818,4.16
3819,4.03
3820,5.34
3821,5.68
3822,5.08
3823,4.05
3824,4.49
3825,4.57
3826,3.9
3827,5.04
3828,4.92
3829,4.26
3830,3.6
3831,2.83
3832,1.91
3833,2.2
3834,2.5
3835,2.93
3836,3.47
3837,4.96
3838,5.08
3839,4.44
3840,3.77
3841,3.38
3842,3.76
3843,3.27
3844,3.13
3845,3.98
3846,4.17
3847,3.32
3848,3.04
3849,4.34
3850,3.87
3851,3.49
3852,3.63
3853,3.04
3854,2.78
3855,3.12
3856,3.86
3857,3.64
3858,3.52
3859,3.18
3860,2.79
3861,2.65
3862,2.67
3863,2.92
3864,3.36
3865,4.38
3866,4.39
3867,3.65
3868,2.68
3869,3.48
3870,2.84
3871,3.06
3872,3.26
3873,3.66
3874,3.88
3875,4.1
3876,3.17
3877,2.09
3878,2.18
3879,2.98
3880,2.83
3881,3.48
3882,3.27
3883,2.74
3884,2.68
3885,3.15
3886,3.22
3887,3.18
3888,3.38
3889,3
3890,3.35
3891,2.38
3892,2.75
3893,2.34
3894,2.41
3895,2.4
3896,3.43
3897,3.36
3898,3.25
3899,3.74
3900,2.83
3901,2.72
3902,2.72
3903,2.8
3904,2.7
3905,2.69
3906,2.41
3907,3.03
3908,3.45
3909,3.55
3910,3.35
3911,3.47
3912,3.7
3913,3.73
3914,3.86
3915,3.82
3916,3.96
3917,3.92
3918,3.92
3919,3.88
3920,3.48
3921,3.35
3922,3.48
3923,3.55
3924,3.04
3925,3.2
3926,2.91
3927,2.96
3928,3.04
3929,2.83
3930,2.64
3931,2.93
3932,3.47
3933,3.13
3934,3.54
3935,3.46
3936,3.16
3937,3.38
3938,3.13
3939,3.28
3940,3.36
3941,3.5
3942,3.56
3943,3.4
3944,3.48
3945,2.99
3946,3.14
3947,2.89
3948,2.56
3949,3.25
3950,2.7
3951,2.82
3952,2.61
3953,2.68
3954,2.25
3955,2.01
3956,1.98
3957,2.07
3958,2.17
3959,2.21
3960,2.21
3961,2.17
3962,2.3
3963,2.21
3964,2.13
3965,2.31
3966,2.2
3967,2.24
3968,2.3
3969,2.31
3970,2.36
3971,2.48
3972,2.48
3973,2.66
3974,2.54
3975,2.62
3976,2.82
3977,2.82
3978,2.86
3979,2.55
3980,2.35
3981,2.33
3982,2.68
3983,2.64
3984,2.42
3985,2.24
3986,1.97
3987,1.57
3988,1.85
3989,1.58
3990,1.39
3991,1.29
3992,1.24
3993,1.17
3994,0.99
3995,1.03
3996,1.09
3997,1.27
3998,1.43
3999,1.26
4000,1.18
4001,1.06
4002,1.15
4003,1.21
4004,1.43
4005,1.37
4006,1.35
4007,1.45
4008,1.39
4009,1.33
4010,1.37
4011,1.29
4012,1.26
4013,1.54
4014,1.37
4015,1.52
4016,1.53
4017,1.37
4018,1.23
4019,1.12
4020,1.03
4021,0.54
4022,0.57
4023,0.55
4024,0.49
4025,0.47
4026,0.51
4027,0.48
4028,0.48
4029,0.49
4030,0.53
4031,0.55
4032,0.54
4033,0.49
4034,0.47
4035,0.5
4036,0.49
4037,0.49
4038,0.46
4039,0.43
4040,0.35
4041,0.4
4042,0.43
4043,0.03
4044,0
4045,0
4046,0.02
4047,0
4048,0.01
4049,0.3
4050,0.3
4051,0.01
4052,0.34
4053,0.37
4054,0.05
4055,0.1
4056,0.31
4057,0.32
4058,0.32
4059,0.01
4060,0
4061,0
4062,0
4063,0
4064,0
4065,0
4066,0
4067,0
4068,0
4069,0
4070,0
4071,0
4072,0
4073,0
4074,0.1
4075,0.47
4076,0.52
4077,0.55
4078,0.54
4079,0.55
4080,0.55
4081,0.53
4082,0.53
4083,0.51
4084,0.51
4085,0.49
4086,0.46
4087,0.39
4088,0.09
4089,0
4090,0
4091,0
4092,0
4093,0
4094,0.32
4095,0.43
4096,0.47
4097,0.52
4098,0.51
4099,0.51
4100,0.51
4101,0.53
4102,0.53
4103,0.38
4104,0.43
4105,0.42
4106,0.45
4107,0.52
4108,0.61
4109,0.67
4110,0.74
4111,0.76
4112,0.79
4113,1.66
4114,1.85
4115,1.8
4116,1.87
4117,1.82
4118,1.88
4119,2.06
4120,2.23
4121,2.11
4122,2.09
4123,2.42
4124,2.53
4125,2.52
4126,2.5
4127,2.6
4128,2.5
4129,2.47
4130,2.44
4131,2.35
4132,2.25
4133,2.24
4134,2.21
4135,2.07
4136,1.9
4137,1.69
4138,1.68
4139,1.62
4140,1.59
4141,1.55
4142,1.66
4143,1.84
4144,1.67
4145,1.68
4146,1.51
4147,1.59
4148,1.44
4149,1.27
4150,1.6
4151,1.98
4152,1.78
4153,1.61
4154,1.55
4155,1.47
4156,1.35
4157,1.45
4158,1.32
4159,1.05
4160,0.86
4161,1.38
4162,1.56
4163,1.53
4164,1.35
4165,1.25
4166,1.16
4167,1.11
4168,0.49
4169,0.5
4170,0.48
4171,0.47
4172,0.46
4173,0.47
4174,0.45
4175,0.47
4176,0.48
4177,0.45
4178,0.49
4179,0.51
4180,0.47
4181,0.46
4182,0.45
4183,0.41
4184,0.39
4185,0.38
4186,0.33
4187,0.36
4188,0.25
4189,0.01
4190,0
4191,0
4192,0
4193,0
4194,0
4195,0
4196,0
4197,0
4198,0.31
4199,0.52
4200,0.51
4201,0.4
4202,0.01
4203,0
4204,0
4205,0
4206,0
4207,0.01
4208,0.01
4209,0.59
4210,0.63
4211,0.63
4212,0.66
4213,0.66
4214,0.69
4215,0.72
4216,0.76
4217,0.78
4218,0.83
4219,0.81
4220,0.82
4221,0.83
4222,0.87
4223,0.83
4224,0.82
4225,0.81
4226,0.84
4227,0.84
4228,0.82
4229,0.82
4230,0.82
4231,1.38
4232,1.41
4233,1.46
4234,1.43
4235,1.36
4236,1.5
4237,1.53
4238,1.57
4239,1.8
4240,1.86
4241,1.83
4242,1.89
4243,2
4244,2.12
4245,2.14
4246,2.43
4247,2.42
4248,2.31
4249,2.21
4250,2.25
4251,2.43
4252,2.32
4253,2.28
4254,2.26
4255,2.34
4256,2.23
4257,2.39
4258,2.4
4259,2.56
4260,2.6
4261,2.53
4262,2.63
4263,2.62
4264,2.81
4265,2.78
4266,2.71
4267,2.69
4268,2.72
4269,2.87
4270,2.99
4271,2.85
4272,3.02
4273,3.07
4274,2.77
4275,2.69
4276,2.87
4277,2.53
4278,2.35
4279,2.14
4280,1.93
4281,1.82
4282,1.98
4283,1.96
4284,1.89
4285,2.31
4286,2.09
4287,2.23
4288,1.67
4289,2.42
4290,2.22
4291,2.52
4292,2.16
4293,2.13
4294,2.19
4295,1.92
4296,2.11
4297,2.07
4298,2.22
4299,2.5
4300,1.97
4301,1.88
4302,2.03
4303,2.16
4304,1.66
4305,1.68
4306,1.9
4307,1.81
4308,1.85
4309,2.1
4310,2.33
4311,1.76
4312,2.34
4313,2.24
4314,2.28
4315,2.33
4316,2.4
4317,2.25
4318,2.68
4319,2.77
4320,2.68
4321,2.69
4322,2.72
4323,2.88
4324,2.63
4325,2.61
4326,2.59
4327,2.3
4328,2.33
4329,2.69
4330,2.83
4331,2.82
4332,2.28
4333,2.19
4334,2.3
4335,2.5
4336,2.44
4337,2.54
4338,2.37
4339,2.24
4340,2.36
4341,2.33
4342,2.29
4343,2.07
4344,1.9
4345,2.02
4346,2.43
4347,2.92
4348,3.01
4349,2.74
4350,2.83
4351,3.07
4352,2.9
4353,2.78
4354,2.84
4355,2.98
4356,3.13
4357,3.44
4358,3.78
4359,3.89
4360,3.93
4361,3.68
4362,3.57
4363,3.98
4364,3.29
4365,2.89
4366,2.94
4367,3.57
4368,3.32
4369,3.24
4370,2.83
4371,2.88
4372,3.33
4373,3.25
4374,3.53
4375,3.5
4376,3.3
4377,3.08
4378,3.17
4379,3.42
4380,3.28
4381,3.2
4382,3.14
4383,3.41
4384,3.4
4385,3.11
4386,3.06
4387,3.37
4388,3.45
4389,3.3
4390,3.13
4391,3.19
4392,3.29
4393,3.75
4394,3.63
4395,4.15
4396,4.2
4397,4.18
4398,4.08
4399,4.52
4400,4.37
4401,4.33
4402,4.04
4403,3.87
4404,3.42
4405,3.75
4406,3.33
4407,3.35
4408,3.38
4409,3.22
4410,3.04
4411,3.4
4412,3.06
4413,2.84
4414,3.04
4415,2.82
4416,2.91
4417,2.55
4418,2.75
4419,2.61
4420,2.21
4421,2.46
4422,2.48
4423,2.27
4424,2.33
4425,2.71
4426,2.53
4427,2.62
4428,2.56
4429,2.3
4430,2.35
4431,2.67
4432,2.76
4433,2.55
4434,2.48
4435,2.74
4436,2.61
4437,2.64
4438,2.5
4439,2.39
4440,2.42
4441,2.66
4442,2.54
4443,2.68
4444,2.64
4445,2.51
4446,2.65
4447,2.21
4448,2.31
4449,2.37
4450,2.43
4451,2.21
4452,2.21
4453,2.21
4454,2.29
4455,1.77
4456,2.84
4457,2.78
4458,2.84
4459,2.85
4460,2.91
4461,2.95
4462,2.86
4463,2.81
4464,2.81
4465,2.72
4466,2.79
4467,2.79
4468,2.8
4469,2.73
4470,2.79
4471,2.67
4472,2.91
4473,2.99
4474,3.12
4475,3.12
4476,3.1
4477,3.07
4478,3.13
4479,2.81
4480,3.38
4481,3.39
4482,3.03
4483,2.9
4484,2.73
4485,2.91
4486,2.8
4487,2.92
4488,2.92
4489,2.65
4490,2.86
4491,3.1
4492,2.86
4493,2.96
4494,2.93
4495,2.86
4496,2.64
4497,2.59
4498,2.43
4499,2.44
4500,2.42
4501,2.21
4502,2.42
4503,2.17
4504,1.93
4505,1.92
4506,1.98
4507,1.84
4508,1.86
4509,1.8
4510,1.78
4511,1.86
4512,1.89
4513,2.04
4514,1.71
4515,2.22
4516,2.35
4517,2.22
4518,2.23
4519,2.27
4520,2.24
4521,2.2
4522,2.3
4523,2.42
4524,2.25
4525,2.42
4526,1.85
4527,1.74
4528,1.78
4529,2.09
4530,2.07
4531,2.05
4532,2.17
4533,2.36
4534,2.67
4535,3.13
4536,3.1
4537,2.85
4538,3.03
4539,3.03
4540,2.87
4541,2.88
4542,2.97
4543,2.73
4544,2.67
4545,2.79
4546,2.65
4547,2.84
4548,2.94
4549,2.36
4550,2.72
4551,2.82
4552,2.73
4553,2.87
4554,2.8
4555,2.65
4556,2.91
4557,2.85
4558,3.25
4559,3.18
4560,3.18
4561,2.96
4562,3.11
4563,3.11
4564,3.3
4565,3.84
4566,3.56
4567,3.59
4568,3.56
4569,3.52
4570,3.64
4571,3.72
4572,3.69
4573,3.72
4574,3.73
4575,3.7
4576,3.6
4577,2.92
4578,3.28
4579,2.91
4580,3.11
4581,3.45
4582,3.95
4583,3.58
4584,3.45
4585,3.55
4586,3.45
4587,3.45
4588,3.66
4589,3.35
4590,3.12
4591,2.99
4592,2.97
4593,3.02
4594,2.66
4595,2.67
4596,2.69
4597,2.4
4598,2.62
4599,2.65
4600,2.59
4601,2.69
4602,2.44
4603,2.38
4604,2.41
4605,2.45
4606,2.66
4607,2.48
4608,2.88
4609,2.95
4610,3.04
4611,3.16
4612,3.13
4613,3.36
4614,3.05
4615,3.02
4616,3.21
4617,3.4
4618,3.73
4619,3.95
4620,3.69
4621,3.58
4622,3.62
4623,3.85
4624,3.86
4625,3.85
4626,4.36
4627,4.54
4628,4.17
4629,4.21
4630,4.19
4631,3.86
4632,3.59
4633,3.4
4634,3.49
4635,3.78
4636,3.28
4637,3.51
4638,3.47
4639,3.35
4640,3.12
4641,3.22
4642,3.36
4643,3.04
4644,3.17
4645,3.08
4646,3.23
4647,3.38
4648,3.44
4649,3.48
4650,3.32
4651,3.27
4652,3.6
4653,3.99
4654,3.87
4655,3.8
4656,3.96
4657,4.22
4658,4.24
4659,4.19
4660,4.55
4661,4.49
4662,4.47
4663,4.62
4664,4.36
4665,4.4
4666,4.45
4667,4.39
4668,4.27
4669,4.34
4670,4.41
4671,4.4
4672,4.46
4673,4.71
4674,4.49
4675,4.57
4676,4.51
4677,4.45
4678,4.37
4679,4.55
4680,4.67
4681,4.65
4682,4.63
4683,4.69
4684,5.15
4685,5.19
4686,5.15
4687,5.34
4688,5.42
4689,5.32
4690,5.14
4691,5.07
4692,5.5
4693,5.42
4694,5.36
4695,4.66
4696,4.64
4697,4.96
4698,5.16
4699,5.02
4700,5.1
4701,5.26
4702,5.17
4703,5.52
4704,5.08
4705,5.27
4706,5.23
4707,4.73
4708,4.89
4709,4.72
4710,4.77
4711,5
4712,5.41
4713,5.69
4714,5.26
4715,5.43
4716,5.55
4717,5.78
4718,5.61
4719,5.22
4720,4.72
4721,4.85
4722,5.11
4723,5.15
4724,5.34
4725,5.52
4726,5.42
4727,5.38
4728,5.43
4729,5.43
4730,5.43
4731,5.14
4732,5.19
4733,5.22
4734,4.99
4735,4.98
4736,5.05
4737,5.4
4738,5.43
4739,5.38
4740,5.09
4741,4.83
4742,4.53
4743,4.23
4744,4.37
4745,4.38
4746,4.29
4747,3.98
4748,4.2
4749,4.22
4750,4.12
4751,4.19
4752,4.1
4753,3.79
4754,3.54
4755,3.3
4756,3.34
4757,3.45
4758,3.46
4759,3.53
4760,3.55
4761,3.69
4762,3.89
4763,4.16
4764,4.15
4765,4.5
4766,4.58
4767,4.2
4768,4.33
4769,4.36
4770,4.14
4771,4.29
4772,4.24
4773,4.31
4774,4.37
4775,4.01
4776,3.55
4777,3.56
4778,2.75
4779,2.66
4780,2.8
4781,2.59
4782,3.01
4783,3.3
4784,3.35
4785,3.57
4786,3.45
4787,3.55
4788,3.56
4789,3.41
4790,3.24
4791,3.34
4792,3.24
4793,3.47
4794,3.24
4795,3.36
4796,3.26
4797,3.16
4798,3.2
4799,3.12
4800,3.31
4801,3.47
4802,3.42
4803,3.03
4804,3.13
4805,2.92
4806,3.14
4807,3.2
4808,3.3
4809,3.19
4810,3.25
4811,3.48
4812,3.78
4813,4.22
4814,4.31
4815,4.34
4816,4.51
4817,4.68
4818,4.75
4819,4.44
4820,4.31
4821,4.3
4822,4.35
4823,4.56
4824,4.63
4825,4.44
4826,4.57
4827,4.5
4828,4.66
4829,4.36
4830,4.09
4831,4.67
4832,4.38
4833,4.22
4834,4.31
4835,4.22
4836,3.88
4837,4.09
4838,4.07
4839,3.68
4840,3.52
4841,3.61
4842,4.1
4843,4.2
4844,4.33
4845,4.53
4846,4.03
4847,3.88
4848,4.22
4849,3.82
4850,3.9
4851,4.03
4852,4.43
4853,3.8
4854,3.73
4855,3.84
4856,4.26
4857,3.8
4858,3.7
4859,3.68
4860,3.43
4861,3.12
4862,3.7
4863,3.3
4864,3.63
4865,3.49
4866,3.01
4867,3.05
4868,2.81
4869,2.93
4870,3.28
4871,3.67
4872,3.35
4873,3.65
4874,3.25
4875,3.33
4876,2.83
4877,2.49
4878,2.45
4879,2.36
4880,1.66
4881,1.98
4882,1.85
4883,2.33
4884,2.53
4885,4.42
4886,3.76
4887,4.11
4888,4.45
4889,4.11
4890,5.42
4891,6.09
4892,5.47
4893,4.91
4894,4.39
4895,4.5
4896,4.68
4897,4.8
4898,4.53
4899,4.31
4900,3.88
4901,4.46
4902,4.48
4903,4.14
4904,4.24
4905,4.47
4906,4.58
4907,4.54
4908,4.79
4909,4.4
4910,4.05
4911,3.54
4912,4.01
4913,4.42
4914,4.33
4915,3.37
4916,4.03
4917,3.61
4918,3.73
4919,3.73
4920,3.56
4921,3.68
4922,4.12
4923,3.77
4924,3.81
4925,3.72
4926,4.32
4927,3.73
4928,2.94
4929,3.2
4930,3.24
4931,2.86
4932,3.02
4933,3.22
4934,2.75
4935,3.39
4936,3.6
4937,3.13
4938,3.75
4939,3.75
4940,2.57
4941,3.13
4942,3.15
4943,3.51
4944,2.53
4945,3.2
4946,2.77
4947,2.9
4948,2.96
4949,3.1
4950,3.69
4951,3.43
4952,2.7
4953,3.55
4954,3.68
4955,4.18
4956,4.08
4957,3.17
4958,4.34
4959,3.9
4960,4.33
4961,4.35
4962,4.07
4963,3.83
4964,4.67
4965,4.65
4966,3.36
4967,3.88
4968,4.99
4969,4.17
4970,3.68
4971,5.32
4972,5.09
4973,3.61
4974,4.71
4975,5.66
4976,5.11
4977,6.16
4978,5.77
4979,5.48
4980,6.79
4981,6.81
4982,5.34
4983,5.13
4984,6.25
4985,5.92
4986,5.67
4987,5.45
4988,6.2
4989,4.75
4990,6.11
4991,5.37
4992,5.13
4993,5.63
4994,5.96
4995,5.31
4996,5.94
4997,6.19
4998,5.9
4999,5.57
